DATE,DGASUSGULF
2018-09-18,2.017
2018-09-19,2.032
2018-09-20,2.029
2018-09-21,2.035
2018-09-24,2.081
2018-09-25,2.097
2018-09-26,2.101
2018-09-27,2.136
2018-09-28,2.15
2018-10-01,2.178
2018-10-02,2.166
2018-10-03,2.181
2018-10-04,2.149
2018-10-05,2.13
2018-10-08,2.133
2018-10-09,2.107
2018-10-10,2.047
2018-10-11,1.957
2018-10-12,1.961
2018-10-15,1.968
2018-10-16,2.001
2018-10-17,1.943
2018-10-18,1.885
2018-10-19,1.908
2018-10-22,1.905
2018-10-23,1.833
2018-10-24,1.791
2018-10-25,1.799
2018-10-26,1.828
2018-10-29,1.828
2018-10-30,1.823
2018-10-31,1.776
2018-11-01,1.726
2018-11-02,1.711
2018-11-05,1.683
2018-11-06,1.695
2018-11-07,1.647
2018-11-08,1.646
2018-11-09,1.603
2018-11-12,1.597
2018-11-13,1.509
2018-11-14,1.517
2018-11-15,1.508
2018-11-16,1.536
2018-11-19,1.539
2018-11-20,1.487
2018-11-21,1.497
2018-11-22,.
2018-11-23,.
2018-11-26,1.435
2018-11-27,1.414
2018-11-28,1.387
2018-11-29,1.446
2018-11-30,1.436
2018-12-03,1.437
2018-12-04,1.438
2018-12-05,1.436
2018-12-06,1.435
2018-12-07,1.459
2018-12-10,1.403
2018-12-11,1.418
2018-12-12,1.404
2018-12-13,1.461
2018-12-14,1.394
2018-12-17,1.352
2018-12-18,1.313
2018-12-19,1.335
2018-12-20,1.289
2018-12-21,1.268
2018-12-24,.
2018-12-25,.
2018-12-26,1.304
2018-12-27,1.277
2018-12-28,1.268
2018-12-31,.
2019-01-01,.
2019-01-02,1.294
2019-01-03,1.313
2019-01-04,1.315
2019-01-07,1.3
2019-01-08,1.308
2019-01-09,1.366
2019-01-10,1.372
2019-01-11,1.358
2019-01-14,1.32
2019-01-15,1.364
2019-01-16,1.392
2019-01-17,1.409
2019-01-18,1.426
2019-01-21,.
2019-01-22,1.387
2019-01-23,1.373
2019-01-24,1.373
2019-01-25,1.371
2019-01-28,1.327
2019-01-29,1.33
2019-01-30,1.378
2019-01-31,1.358
2019-02-01,1.423
2019-02-04,1.428
2019-02-05,1.417
2019-02-06,1.442
2019-02-07,1.413
2019-02-08,1.452
2019-02-11,1.438
2019-02-12,1.446
2019-02-13,1.489
2019-02-14,1.531
2019-02-15,1.589
2019-02-18,.
2019-02-19,1.588
2019-02-20,1.438
2019-02-21,1.459
2019-02-22,1.46
2019-02-25,1.4
2019-02-26,1.423
2019-02-27,1.462
2019-02-28,1.514
2019-03-01,1.611
2019-03-04,1.637
2019-03-05,1.665
2019-03-06,1.74
2019-03-07,1.749
2019-03-08,1.743
2019-03-11,1.802
2019-03-12,1.779
2019-03-13,1.84
2019-03-14,1.816
2019-03-15,1.801
2019-03-18,1.832
2019-03-19,1.855
2019-03-20,1.88
2019-03-21,1.906
2019-03-22,1.918
2019-03-25,1.948
2019-03-26,1.975
2019-03-27,1.899
2019-03-28,1.882
2019-03-29,1.888
2019-04-01,1.888
2019-04-02,1.92
2019-04-03,1.948
2019-04-04,1.926
2019-04-05,1.96
2019-04-08,1.976
2019-04-09,1.992
2019-04-10,2.047
2019-04-11,2.023
2019-04-12,2.014
2019-04-15,1.985
2019-04-16,2.006
2019-04-17,1.991
2019-04-18,2.01
2019-04-19,.
2019-04-22,2.099
2019-04-23,2.1
2019-04-24,2.068
2019-04-25,2.061
2019-04-26,2.029
2019-04-29,2.029
2019-04-30,2.05
2019-05-01,1.997
2019-05-02,1.952
2019-05-03,1.966
2019-05-06,1.909
2019-05-07,1.841
2019-05-08,1.88
2019-05-09,1.865
2019-05-10,1.892
2019-05-13,1.85
2019-05-14,1.861
2019-05-15,1.905
2019-05-16,1.943
2019-05-17,1.913
2019-05-20,1.877
2019-05-21,1.899
2019-05-22,1.873
2019-05-23,1.83
2019-05-24,1.86
2019-05-27,.
2019-05-28,1.872
2019-05-29,1.875
2019-05-30,1.814
2019-05-31,1.74
2019-06-03,1.673
2019-06-04,1.684
2019-06-05,1.652
2019-06-06,1.685
2019-06-07,1.697
2019-06-10,1.691
2019-06-11,1.699
2019-06-12,1.624
2019-06-13,1.662
2019-06-14,1.671
2019-06-17,1.635
2019-06-18,1.649
2019-06-19,1.671
2019-06-20,1.734
2019-06-21,1.806
2019-06-24,1.777
2019-06-25,1.813
2019-06-26,1.888
2019-06-27,1.864
2019-06-28,1.87
2019-07-01,1.855
2019-07-02,1.808
2019-07-03,1.877
2019-07-04,.
2019-07-05,.
2019-07-08,1.86
2019-07-09,1.895
2019-07-10,1.963
2019-07-11,1.955
2019-07-12,1.931
2019-07-15,1.878
2019-07-16,1.86
2019-07-17,1.817
2019-07-18,1.78
2019-07-19,1.779
2019-07-22,1.761
2019-07-23,1.831
2019-07-24,1.814
2019-07-25,1.833
2019-07-26,1.831
2019-07-29,1.83
2019-07-30,1.862
2019-07-31,1.875
2019-08-01,1.748
2019-08-02,1.764
2019-08-05,1.697
2019-08-06,1.656
2019-08-07,1.615
2019-08-08,1.619
2019-08-09,1.626
2019-08-12,1.625
2019-08-13,1.672
2019-08-14,1.611
2019-08-15,1.582
2019-08-16,1.621
2019-08-19,1.637
2019-08-20,1.653
2019-08-21,1.791
2019-08-22,1.757
2019-08-23,1.733
2019-08-26,1.726
2019-08-27,1.752
2019-08-28,1.801
2019-08-29,1.788
2019-08-30,1.703
2019-09-02,.
2019-09-03,1.561
2019-09-04,1.594
2019-09-05,1.605
2019-09-06,1.639
2019-09-09,1.656
2019-09-10,1.659
2019-09-11,1.649
2019-09-12,1.632
2019-09-13,1.631
2019-09-16,1.784
2019-09-17,1.727
2019-09-18,1.717
2019-09-19,1.775
2019-09-20,1.751
2019-09-23,1.738
2019-09-24,1.705
2019-09-25,1.683
2019-09-26,1.718
2019-09-27,1.716
2019-09-30,1.662
2019-10-01,1.634
2019-10-02,1.598
2019-10-03,1.599
2019-10-04,1.608
2019-10-07,1.622
2019-10-08,1.62
2019-10-09,1.63
2019-10-10,1.662
2019-10-11,1.679
2019-10-14,1.649
2019-10-15,1.652
2019-10-16,1.656
2019-10-17,1.646
2019-10-18,1.649
2019-10-21,1.635
2019-10-22,1.639
2019-10-23,1.663
2019-10-24,1.675
2019-10-25,1.674
2019-10-28,1.681
2019-10-29,1.701
2019-10-30,1.66
2019-10-31,1.631
2019-11-01,1.655
2019-11-04,1.672
2019-11-05,1.678
2019-11-06,1.627
2019-11-07,1.624
2019-11-08,1.615
2019-11-11,.
2019-11-12,1.594
2019-11-13,1.621
2019-11-14,1.603
2019-11-15,1.62
2019-11-18,1.598
2019-11-19,1.581
2019-11-20,1.634
2019-11-21,1.666
2019-11-22,1.651
2019-11-25,1.673
2019-11-26,1.687
2019-11-27,1.654
2019-11-28,.
2019-11-29,.
2019-12-02,1.54
2019-12-03,1.532
2019-12-04,1.562
2019-12-05,1.579
2019-12-06,1.607
2019-12-09,1.608
2019-12-10,1.61
2019-12-11,1.582
2019-12-12,1.582
2019-12-13,1.607
2019-12-16,1.571
2019-12-17,1.59
2019-12-18,1.624
2019-12-19,1.663
2019-12-20,1.659
2019-12-23,1.682
2019-12-24,1.698
2019-12-25,.
2019-12-26,1.733
2019-12-27,1.732
2019-12-30,1.716
2019-12-31,1.68
2020-01-01,.
2020-01-02,1.679
2020-01-03,1.729
2020-01-06,1.716
2020-01-07,1.698
2020-01-08,1.628
2020-01-09,1.628
2020-01-10,1.626
2020-01-13,1.626
2020-01-14,1.622
2020-01-15,1.616
2020-01-16,1.626
2020-01-17,1.611
2020-01-20,.
2020-01-21,1.602
2020-01-22,1.54
2020-01-23,1.525
2020-01-24,1.484
2020-01-27,1.442
2020-01-28,1.468
2020-01-29,1.502
2020-01-30,1.495
2020-01-31,1.461
2020-02-03,1.441
2020-02-04,1.401
2020-02-05,1.455
2020-02-06,1.458
2020-02-07,1.463
2020-02-10,1.474
2020-02-11,1.47
2020-02-12,1.552
2020-02-13,1.548
2020-02-14,1.402
2020-02-17,.
2020-02-18,1.45
2020-02-19,1.515
2020-02-20,1.532
2020-02-21,1.52
2020-02-24,1.51
2020-02-25,1.431
2020-02-26,1.361
2020-02-27,1.308
2020-02-28,1.313
2020-03-02,1.475
2020-03-03,1.467
2020-03-04,1.499
2020-03-05,1.47
2020-03-06,1.345
2020-03-09,1.061
2020-03-10,1.107
2020-03-11,1.035
2020-03-12,0.873
2020-03-13,0.907
2020-03-16,0.657
2020-03-17,0.769
2020-03-18,0.604
2020-03-19,0.615
2020-03-20,0.564
2020-03-23,0.374
2020-03-24,0.364
2020-03-25,0.472
2020-03-26,0.42
2020-03-27,0.458
2020-03-30,0.458
2020-03-31,0.451
2020-04-01,0.438
2020-04-02,0.55
2020-04-03,0.59
2020-04-06,0.572
2020-04-07,0.511
2020-04-08,0.57
2020-04-09,0.56
2020-04-10,.
2020-04-13,0.592
2020-04-14,0.614
2020-04-15,0.597
2020-04-16,0.572
2020-04-17,0.595
2020-04-20,0.545
2020-04-21,0.391
2020-04-22,0.525
2020-04-23,0.501
2020-04-24,0.507
2020-04-27,0.503
2020-04-28,0.53
2020-04-29,0.598
2020-04-30,0.612
2020-05-01,0.618
2020-05-04,0.701
2020-05-05,0.772
2020-05-06,0.759
2020-05-07,0.797
2020-05-08,0.83
2020-05-11,0.809
2020-05-12,0.793
2020-05-13,0.733
2020-05-14,0.82
2020-05-15,0.86
2020-05-18,0.924
2020-05-19,0.911
2020-05-20,0.914
2020-05-21,0.913
2020-05-22,0.886
2020-05-25,.
2020-05-26,0.916
2020-05-27,0.865
2020-05-28,0.868
2020-05-29,0.906
2020-06-01,0.957
2020-06-02,1.007
2020-06-03,0.997
2020-06-04,1.041
2020-06-05,1.106
2020-06-08,1.097
2020-06-09,1.114
2020-06-10,1.105
2020-06-11,1.007
2020-06-12,1.039
2020-06-15,1.085
2020-06-16,1.121
2020-06-17,1.131
2020-06-18,1.178
2020-06-19,1.165
2020-06-22,1.194
2020-06-23,1.21
2020-06-24,1.097
2020-06-25,1.113
2020-06-26,1.059
2020-06-29,1.116
2020-06-30,1.143
2020-07-01,1.153
2020-07-02,1.177
2020-07-03,.
2020-07-06,1.17
2020-07-07,1.195
2020-07-08,1.208
2020-07-09,1.175
2020-07-10,1.189
2020-07-13,1.157
2020-07-14,1.154
2020-07-15,1.163
2020-07-16,1.129
2020-07-17,1.114
2020-07-20,1.141
2020-07-21,1.198
2020-07-22,1.194
2020-07-23,1.178
2020-07-24,1.2
2020-07-27,1.199
2020-07-28,1.18
2020-07-29,1.157
2020-07-30,1.129
2020-07-31,1.102
2020-08-03,1.124
2020-08-04,1.119
2020-08-05,1.154
2020-08-06,1.172
2020-08-07,1.157
2020-08-10,1.175
2020-08-11,1.146
2020-08-12,1.183
2020-08-13,1.178
2020-08-14,1.189
2020-08-17,1.208
2020-08-18,1.275
2020-08-19,1.28
2020-08-20,1.294
2020-08-21,1.283
2020-08-24,1.41
2020-08-25,1.432
2020-08-26,1.386
2020-08-27,1.314
2020-08-28,1.348
2020-08-31,1.291
2020-09-01,1.225
2020-09-02,1.194
2020-09-03,1.21
2020-09-04,1.163
2020-09-07,.
2020-09-08,1.098
2020-09-09,1.113
2020-09-10,1.074
2020-09-11,1.085
2020-09-14,1.116
2020-09-15,1.14
2020-09-16,1.201
2020-09-17,1.216
2020-09-18,1.22
2020-09-21,1.174
2020-09-22,1.166
2020-09-23,1.167
2020-09-24,1.203
2020-09-25,1.251
2020-09-28,1.276
2020-09-29,1.209
2020-09-30,1.191
2020-10-01,1.145
2020-10-02,1.117
2020-10-05,1.196
2020-10-06,1.225
2020-10-07,1.223
2020-10-08,1.253
2020-10-09,1.207
2020-10-12,1.18
2020-10-13,1.172
2020-10-14,1.18
2020-10-15,1.165
2020-10-16,1.138
2020-10-19,1.129
2020-10-20,1.158
2020-10-21,1.119
2020-10-22,1.134
2020-10-23,1.122
2020-10-26,1.087
2020-10-27,1.114
2020-10-28,1.048
2020-10-29,1.016
2020-10-30,1.012
2020-11-02,1.026
2020-11-03,1.05
2020-11-04,1.067
2020-11-05,1.075
2020-11-06,1.048
2020-11-09,1.114
2020-11-10,1.158
2020-11-11,1.144
2020-11-12,1.116
2020-11-13,1.088
2020-11-16,1.122
2020-11-17,1.125
2020-11-18,1.128
2020-11-19,1.146
2020-11-20,1.149
2020-11-23,1.178
2020-11-24,1.231
2020-11-25,1.259
2020-11-26,.
2020-11-27,.
2020-11-30,1.216
2020-12-01,1.186
2020-12-02,1.208
2020-12-03,1.235
2020-12-04,1.234
2020-12-07,1.22
2020-12-08,1.227
2020-12-09,1.252
2020-12-10,1.282
2020-12-11,1.285
2020-12-14,1.292
2020-12-15,1.295
2020-12-16,1.325
2020-12-17,1.362
2020-12-18,1.367
2020-12-21,1.324
2020-12-22,1.307
2020-12-23,1.35
2020-12-24,1.348
2020-12-25,.
2020-12-28,1.341
2020-12-29,1.362
2020-12-30,1.383
2020-12-31,1.366
2021-01-01,.
2021-01-04,1.337
2021-01-05,1.423
2021-01-06,1.436
2021-01-07,1.455
2021-01-08,1.519
2021-01-11,1.506
2021-01-12,1.533
2021-01-13,1.525
2021-01-14,1.533
2021-01-15,1.494
2021-01-18,.
2021-01-19,1.507
2021-01-20,1.506
2021-01-21,1.515
2021-01-22,1.518
2021-01-25,1.538
2021-01-26,1.549
2021-01-27,1.539
2021-01-28,1.551
2021-01-29,1.515
2021-02-01,1.562
2021-02-02,1.592
2021-02-03,1.62
2021-02-04,1.617
2021-02-05,1.617
2021-02-08,1.644
2021-02-09,1.633
2021-02-10,1.598
2021-02-11,1.605
2021-02-12,1.655
2021-02-15,.
2021-02-16,1.75
2021-02-17,1.729
2021-02-18,1.693
2021-02-19,1.731
2021-02-22,1.787
2021-02-23,1.795
2021-02-24,1.819
2021-02-25,1.8
2021-02-26,1.795
2021-03-01,1.874
2021-03-02,1.885
2021-03-03,1.895
2021-03-04,1.954
2021-03-05,1.99
2021-03-08,1.948
2021-03-09,1.945
2021-03-10,1.992
2021-03-11,2.111
2021-03-12,2.111
2021-03-15,2.061
2021-03-16,2.04
2021-03-17,1.982
2021-03-18,1.858
2021-03-19,1.895
2021-03-22,1.9
2021-03-23,1.82
2021-03-24,1.921
2021-03-25,1.858
2021-03-26,1.903
2021-03-29,1.938
2021-03-30,1.938
2021-03-31,1.906
2021-04-01,1.964
2021-04-02,.
2021-04-05,1.922
2021-04-06,1.931
2021-04-07,1.908
2021-04-08,1.92
2021-04-09,1.936
2021-04-12,1.935
2021-04-13,1.94
2021-04-14,1.988
2021-04-15,2.01
2021-04-16,1.972
2021-04-19,1.98
2021-04-20,1.951
2021-04-21,1.911
2021-04-22,1.946
2021-04-23,1.945
2021-04-26,1.926
2021-04-27,1.975
2021-04-28,2.016
2021-04-29,2.041
2021-04-30,2.005
2021-05-03,2.04
2021-05-04,2.072
2021-05-05,2.05
2021-05-06,2.024
2021-05-07,2.056
2021-05-10,2.063
2021-05-11,2.06
2021-05-12,2.084
2021-05-13,2.011
2021-05-14,2.049
2021-05-17,2.085
2021-05-18,2.073
2021-05-19,2.017
2021-05-20,1.941
2021-05-21,1.973
2021-05-24,2.02
2021-05-25,2.012
2021-05-26,2.044
2021-05-27,2.047
2021-05-28,2.035
2021-05-31,.
2021-06-01,2.07
2021-06-02,2.093
2021-06-03,2.101
2021-06-04,2.104
2021-06-07,2.095
2021-06-08,2.121
2021-06-09,2.117
2021-06-10,2.129
2021-06-11,2.106
2021-06-14,2.101
2021-06-15,2.09
2021-06-16,2.06
2021-06-17,2.046
2021-06-18,2.079
2021-06-21,2.107
2021-06-22,2.148
2021-06-23,2.189
2021-06-24,2.18
2021-06-25,2.182
2021-06-28,2.135
2021-06-29,2.174
2021-06-30,2.172
2021-07-01,2.195
2021-07-02,2.251
2021-07-05,.
2021-07-06,2.184
2021-07-07,2.151
2021-07-08,2.209
2021-07-09,2.236
2021-07-12,2.225
2021-07-13,2.257
2021-07-14,2.223
2021-07-15,2.179
2021-07-16,2.185
2021-07-19,2.055
2021-07-20,2.069
2021-07-21,2.145
2021-07-22,2.197
2021-07-23,2.21
2021-07-26,2.237
2021-07-27,2.248
2021-07-28,2.252
2021-07-29,2.295
2021-07-30,2.309
2021-08-02,2.233
2021-08-03,2.217
2021-08-04,2.188
2021-08-05,2.242
2021-08-06,2.2
2021-08-09,2.203
2021-08-10,2.224
2021-08-11,2.256
2021-08-12,2.224
2021-08-13,2.196
2021-08-16,2.151
2021-08-17,2.105
2021-08-18,2.07
2021-08-19,2.032
2021-08-20,1.958
2021-08-23,2.078
2021-08-24,2.251
2021-08-25,2.391
2021-08-26,2.366
2021-08-27,2.385
2021-08-30,2.415
2021-08-31,2.353
2021-09-01,2.178
2021-09-02,2.227
2021-09-03,2.219
2021-09-06,.
2021-09-07,2.178
2021-09-08,2.2
2021-09-09,2.176
2021-09-10,2.192
2021-09-13,2.224
2021-09-14,2.219
2021-09-15,2.24
2021-09-16,2.209
2021-09-17,2.195
2021-09-20,2.143
2021-09-21,2.123
2021-09-22,2.124
2021-09-23,2.159
2021-09-24,2.183
2021-09-27,2.267
2021-09-28,2.224
2021-09-29,2.237
2021-09-30,2.264
2021-10-01,2.253
2021-10-04,2.322
2021-10-05,2.368
2021-10-06,2.32
2021-10-07,2.35
2021-10-08,2.373
2021-10-11,2.392
2021-10-12,2.384
2021-10-13,2.406
2021-10-14,2.436
2021-10-15,2.466
2021-10-18,2.467
2021-10-19,2.462
2021-10-20,2.494
2021-10-21,2.474
2021-10-22,2.481
2021-10-25,2.506
2021-10-26,2.552
2021-10-27,2.469
2021-10-28,2.471
2021-10-29,2.485
2021-11-01,2.457
2021-11-02,2.466
2021-11-03,2.36
2021-11-04,2.292
2021-11-05,2.308
2021-11-08,2.319
2021-11-09,2.36
2021-11-10,2.28
2021-11-11,2.291
2021-11-12,2.288
2021-11-15,2.311
2021-11-16,2.318
2021-11-17,2.24
2021-11-18,2.253
2021-11-19,2.163
2021-11-22,2.205
2021-11-23,2.302
2021-11-24,2.275
2021-11-25,.
2021-11-26,.
2021-11-29,2.1
2021-11-30,2.01
2021-12-01,1.967
2021-12-02,2.0
2021-12-03,1.974
2021-12-06,2.068
2021-12-07,2.125
2021-12-08,2.172
2021-12-09,2.125
2021-12-10,2.12
2021-12-13,2.096
2021-12-14,2.069
2021-12-15,2.119
2021-12-16,2.128
2021-12-17,2.106
2021-12-20,2.074
2021-12-21,2.137
2021-12-22,2.154
2021-12-23,2.197
2021-12-24,.
2021-12-27,2.228
2021-12-28,2.236
2021-12-29,2.26
2021-12-30,2.264
2021-12-31,2.224
2022-01-03,2.252
2022-01-04,2.276
2022-01-05,2.272
2022-01-06,2.306
2022-01-07,2.296
2022-01-10,2.273
2022-01-11,2.351
2022-01-12,2.399
2022-01-13,2.377
2022-01-14,2.425
2022-01-17,.
2022-01-18,2.45
2022-01-19,2.447
2022-01-20,2.431
2022-01-21,2.431
2022-01-24,2.412
2022-01-25,2.443
2022-01-26,2.52
2022-01-27,2.548
2022-01-28,2.55
2022-01-31,2.544
2022-02-01,2.579
2022-02-02,2.597
2022-02-03,2.636
2022-02-04,2.668
2022-02-07,2.693
2022-02-08,2.634
2022-02-09,2.657
2022-02-10,2.657
2022-02-11,2.747
2022-02-14,2.764
2022-02-15,2.671
2022-02-16,2.608
2022-02-17,2.64
2022-02-18,2.678
2022-02-21,.
2022-02-22,2.69
2022-02-23,2.69
2022-02-24,2.58
2022-02-25,2.535
2022-02-28,2.586
2022-03-01,2.977
2022-03-02,3.198
2022-03-03,3.145
2022-03-04,3.386
2022-03-07,3.417
2022-03-08,3.532
2022-03-09,3.191
2022-03-10,3.061
2022-03-11,3.221
2022-03-14,3.079
2022-03-15,2.883
2022-03-16,2.889
2022-03-17,3.145
2022-03-18,3.175
2022-03-21,3.314
2022-03-22,3.251
2022-03-23,3.365
2022-03-24,3.302
2022-03-25,3.38
2022-03-28,3.103
2022-03-29,3.149
2022-03-30,3.245
2022-03-31,3.117
2022-04-01,3.081
2022-04-04,3.16
2022-04-05,3.08
2022-04-06,3.001
2022-04-07,2.989
2022-04-08,3.063
2022-04-11,2.94
2022-04-12,3.088
2022-04-13,3.212
2022-04-14,3.282
2022-04-15,.
2022-04-18,3.288
2022-04-19,3.153
2022-04-20,3.2
2022-04-21,3.216
2022-04-22,3.182
2022-04-25,3.186
2022-04-26,3.295
2022-04-27,3.382
2022-04-28,3.406
2022-04-29,3.388
2022-05-02,3.414
2022-05-03,3.468
2022-05-04,3.617
2022-05-05,3.596
2022-05-06,3.748
2022-05-09,3.546
2022-05-10,3.61
2022-05-11,3.752
2022-05-12,3.895
2022-05-13,4.05
2022-05-16,4.003
2022-05-17,3.818
2022-05-18,3.591
2022-05-19,3.699
2022-05-20,3.748
2022-05-23,3.69
2022-05-24,3.794
2022-05-25,3.843
2022-05-26,3.887
2022-05-27,4.027
2022-05-30,.
2022-05-31,3.947
2022-06-01,4.049
2022-06-02,4.21
2022-06-03,4.344
2022-06-06,4.297
2022-06-07,4.207
2022-06-08,4.252
2022-06-09,4.304
2022-06-10,4.205
2022-06-13,4.08
2022-06-14,4.042
2022-06-15,3.95
2022-06-16,3.956
2022-06-17,3.886
2022-06-20,.
2022-06-21,3.886
2022-06-22,3.863
2022-06-23,3.796
2022-06-24,4.021
2022-06-27,3.954
2022-06-28,4.045
2022-06-29,3.905
2022-06-30,3.777
2022-07-01,3.814
2022-07-04,.
2022-07-05,3.447
2022-07-06,3.303
2022-07-07,3.467
2022-07-08,3.485
2022-07-11,3.483
2022-07-12,3.226
2022-07-13,3.194
2022-07-14,3.149
2022-07-15,3.096
2022-07-18,3.15
2022-07-19,3.163
2022-07-20,3.146
2022-07-21,3.039
2022-07-22,2.989
2022-07-25,3.159
2022-07-26,3.26
2022-07-27,3.356
2022-07-28,3.468
2022-07-29,3.271
2022-08-01,2.86
2022-08-02,2.84
2022-08-03,2.793
2022-08-04,2.644
2022-08-05,2.652
2022-08-08,2.686
2022-08-09,2.8
2022-08-10,2.869
2022-08-11,2.857
2022-08-12,2.817
2022-08-15,2.753
2022-08-16,2.703
2022-08-17,2.694
2022-08-18,2.82
2022-08-19,2.833
2022-08-22,2.728
2022-08-23,2.755
2022-08-24,2.867
2022-08-25,2.905
2022-08-26,2.939
2022-08-29,2.987
2022-08-30,2.794
2022-08-31,2.638
2022-09-01,2.452
2022-09-02,2.556
2022-09-05,.
2022-09-06,2.527
2022-09-07,2.451
2022-09-08,2.443
2022-09-09,2.522
2022-09-12,2.577
2022-09-13,2.538
2022-09-14,2.603
2022-09-15,2.516
2022-09-16,2.558
2022-09-19,2.576
2022-09-20,2.556
2022-09-21,2.593
2022-09-22,2.698
2022-09-23,2.578
2022-09-26,2.568
2022-09-27,2.706
2022-09-28,2.771
2022-09-29,2.72
2022-09-30,2.62
2022-10-03,2.715
2022-10-04,2.846
2022-10-05,2.922
2022-10-06,2.943
2022-10-07,3.019
2022-10-10,.
2022-10-11,2.717
2022-10-12,2.738
2022-10-13,2.869
2022-10-14,2.833
2022-10-17,2.798
2022-10-18,2.655
2022-10-19,2.72
2022-10-20,2.671
2022-10-21,2.639
2022-10-24,2.701
2022-10-25,2.85
2022-10-26,3.143
2022-10-27,3.188
2022-10-28,2.93
2022-10-31,2.849
2022-11-01,2.628
2022-11-02,2.735
2022-11-03,2.723
2022-11-04,2.759
2022-11-07,2.701
2022-11-08,2.636
2022-11-09,2.522
2022-11-10,2.522
2022-11-11,.
2022-11-14,2.496
2022-11-15,2.438
2022-11-16,2.383
2022-11-17,2.32
2022-11-18,2.224
2022-11-21,2.23
2022-11-22,2.404
2022-11-23,2.48
2022-11-24,.
2022-11-25,2.38
2022-11-28,2.111
2022-11-29,2.135
2022-11-30,2.289
2022-12-01,2.202
2022-12-02,2.136
2022-12-05,2.048
2022-12-06,2.029
2022-12-07,1.968
2022-12-08,1.979
2022-12-09,1.982
2022-12-12,1.986
2022-12-13,2.067
2022-12-14,2.152
2022-12-15,2.049
2022-12-16,2.009
2022-12-19,2.088
2022-12-20,2.17
2022-12-21,2.192
2022-12-22,2.203
2022-12-23,2.304
2022-12-26,.
2022-12-27,2.368
2022-12-28,2.383
2022-12-29,2.401
2022-12-30,2.577
2023-01-02,.
2023-01-03,2.418
2023-01-04,2.338
2023-01-05,2.277
2023-01-06,2.299
2023-01-09,2.308
2023-01-10,2.322
2023-01-11,2.467
2023-01-12,2.488
2023-01-13,2.596
2023-01-16,.
2023-01-17,2.617
2023-01-18,2.58
2023-01-19,2.671
2023-01-20,2.737
2023-01-23,2.769
2023-01-24,2.739
2023-01-25,2.634
2023-01-26,2.657
2023-01-27,2.625
2023-01-30,2.538
2023-01-31,2.602
2023-02-01,2.51
2023-02-02,2.504
2023-02-03,2.362
2023-02-06,2.369
2023-02-07,2.549
2023-02-08,2.523
2023-02-09,2.502
2023-02-10,2.569
2023-02-13,2.569
2023-02-14,2.529
2023-02-15,2.518
2023-02-16,2.453
2023-02-17,2.439
2023-02-20,.
2023-02-21,2.452
2023-02-22,2.32
2023-02-23,2.171
2023-02-24,2.155
2023-02-27,2.176
2023-02-28,2.232
2023-03-01,2.476
2023-03-02,2.473
2023-03-03,2.549
2023-03-06,2.564
2023-03-07,2.556
2023-03-08,2.586
2023-03-09,2.496
2023-03-10,2.55
2023-03-13,2.507
2023-03-14,2.496
2023-03-15,2.408
2023-03-16,2.484
2023-03-17,2.469
2023-03-20,2.516
2023-03-21,2.465
2023-03-22,2.52
2023-03-23,2.558
2023-03-24,2.558
2023-03-27,2.645
2023-03-28,2.658
2023-03-29,2.609
2023-03-30,2.57
2023-03-31,2.618
2023-04-03,2.686
2023-04-04,2.664
2023-04-05,2.76
2023-04-06,2.763
2023-04-07,.
2023-04-10,2.772
2023-04-11,2.809
2023-04-12,2.787
2023-04-13,2.75
2023-04-14,2.754
2023-04-17,2.678
2023-04-18,2.638
2023-04-19,2.526
2023-04-20,2.473
2023-04-21,2.454
2023-04-24,2.483
2023-04-25,2.441
2023-04-26,2.401
2023-04-27,2.418
2023-04-28,2.446
2023-05-01,2.462
2023-05-02,2.341
2023-05-03,2.219
2023-05-04,2.257
2023-05-05,2.333
2023-05-08,2.403
2023-05-09,2.42
2023-05-10,2.436
2023-05-11,2.409
2023-05-12,2.341
2023-05-15,2.39
2023-05-16,2.406
2023-05-17,2.492
2023-05-18,2.468
2023-05-19,2.433
2023-05-22,2.578
2023-05-23,2.577
2023-05-24,2.625
2023-05-25,2.575
2023-05-26,2.655
2023-05-29,.
2023-05-30,2.555
2023-05-31,2.459
2023-06-01,2.348
2023-06-02,2.418
2023-06-05,2.443
2023-06-06,2.474
2023-06-07,2.555
2023-06-08,2.481
2023-06-09,2.523
2023-06-12,2.381
2023-06-13,2.431
2023-06-14,2.44
2023-06-15,2.494
2023-06-16,2.522
2023-06-19,.
2023-06-20,2.427
2023-06-21,2.531
2023-06-22,2.362
2023-06-23,2.311
2023-06-26,2.375
2023-06-27,2.332
2023-06-28,2.36
2023-06-29,2.343
2023-06-30,2.411
2023-07-03,2.371
2023-07-04,.
2023-07-05,2.438
2023-07-06,2.45
2023-07-07,2.48
2023-07-10,2.501
2023-07-11,2.55
2023-07-12,2.602
2023-07-13,2.611
2023-07-14,2.568
2023-07-17,2.574
2023-07-18,2.629
2023-07-19,2.665
2023-07-20,2.725
2023-07-21,2.766
2023-07-24,2.913
2023-07-25,2.878
2023-07-26,2.932
2023-07-27,2.948
2023-07-28,2.932
2023-07-31,2.954
2023-08-01,2.92
2023-08-02,2.766
2023-08-03,2.799
2023-08-04,2.831
2023-08-07,2.866
2023-08-08,2.871
2023-08-09,2.982
2023-08-10,2.945
2023-08-11,2.99
2023-08-14,2.971
2023-08-15,2.897
2023-08-16,2.898
2023-08-17,2.864
2023-08-18,2.889
2023-08-21,2.835
2023-08-22,3.038
2023-08-23,3.025
2023-08-24,3.047
2023-08-25,2.924
2023-08-28,2.851
2023-08-29,2.805
2023-08-30,2.866
2023-08-31,2.861
2023-09-01,2.785
2023-09-04,.
2023-09-05,2.785
2023-09-06,2.798
2023-09-07,2.818
2023-09-08,2.811
2023-09-11,2.925
2023-09-12,2.908
2023-09-13,2.909
2023-09-14,2.916
2023-09-15,2.885
2023-09-18,2.872
